job_title,company_name,company_location,job_nature,job_skills
Senior Data Analyst,Sceel.io -,"Maadi, Cairo, Egypt ",Full Time,Experienced · 3 - 7 Yrs of Exp · IT/Software Development · Analyst/Research · Engineering - Telecom/Technology · Analyst · Analysis · BI · MySQL · SQL · Data Analysis · Data Analyst
Data Analyst,ITCan -,"Rehab City, Cairo, Egypt ",Full Time,Experienced · 2 - 5 Yrs of Exp · Analyst/Research · BI · Analysis · analytical · Computer Science · Data Analysis · Development · Engineering · Information Technology (IT) · Power BI
Export Data Analyst,Evyap Egypt -,"Sheraton, Cairo, Egypt ",Full Time,Experienced · 3 - 5 Yrs of Exp · Sales/Retail · excel · Analyst · Business Data · Data Analyst · Analysis
Data Analyst,The Address Investments for Real Estate Consultancy -,"New Cairo, Cairo, Egypt ",Full Time,Experienced · 2 - 5 Yrs of Exp · IT/Software Development · Analyst/Research · Engineering - Telecom/Technology · Analysis · Analyst · analytical · business · Computer Science · Data · Data Analysis
Data Analyst,The Egyptian Microfinance Company- Maksab -,"New Cairo, Cairo, Egypt ",Full Time,Experienced · 1 - 3 Yrs of Exp · Accounting/Finance · IT/Software Development · Analyst/Research · Computer Science · Data Analysis
Data Quality Analyst,The Address Investments for Real Estate Consultancy -,"New Cairo, Cairo, Egypt ",Full Time,Experienced · 1 - 3 Yrs of Exp · IT/Software Development · Quality · Engineering - Telecom/Technology · Analysis · Analyst · Computer Science · Data · analytical · Communication skills · Data Analysis
"Business Analyst ""Data & AI""",Global Brands -,"New Cairo, Cairo, Egypt ",Full Time,Experienced · 2 - 3 Yrs of Exp · Business Development · Engineering - Telecom/Technology · analytical · BI · Business Analysis · Computer Science · Data Analysis · Power BI · Analysis · business
Business Analyst Supervisor,Cairo Three A Poultry -,"New Cairo, Cairo, Egypt ",Full Time,Experienced · 5 - 7 Yrs of Exp · Analyst/Research · Business Analysis · Data Analysis · ERP
Sr. Business/Sales Analyst,Confidential -,"Heliopolis, Cairo, Egypt ",Full Time,Experienced · 5 - 8 Yrs of Exp · Sales/Retail · Analysis · Business Analysis · Communication · ERP · excel · Sales · SQL · Data Analysis · SRS
Warehouse Data Analyst,Logistica -,"6th of October, Giza, Egypt ",Full Time,Experienced · 2 - 3 Yrs of Exp · males_only · Logistics/Supply Chain · Analyst/Research · ERP · Data Analysis · Analysis · Supply Chain · Dashboards. · Data Warehousing · Warehouse Management System
Senior Sales Data Analyst,ElEzaby Autoparts  -,"6th of October, Giza, Egypt ",Full Time,Experienced · 6 - 7 Yrs of Exp · females_preferred · Analyst/Research · Sales/Retail · Analysis · Analyst · Data Analysis · Sales Analyst · Sales
Business Analyst,Al Ahly capital holding - Al Ahly Tamkeen -,"Zamalek, Cairo, Egypt ",Full Time,Experienced · 1 - 3 Yrs of Exp · Administration · Analyst/Research · business · Business Analysis · Microfinance · Data · English · excel · Accounting
Senior Data Analyst (BI & DWH),Masary -,"Mokattam, Cairo, Egypt ",Full Time,Experienced · 4 - 7 Yrs of Exp · IT/Software Development · Computer Science · BI · Data Warehouse · Oracle · SQL · ETL · SQL Server
Data Analyst,Ibn Sina Pharma -,"New Cairo, Cairo, Egypt ",Full Time,Entry Level · 1 - 3 Yrs of Exp · IT/Software Development · Analyst/Research · Analysis · analytical · Commerce · BI · Communication skills · Computer Science · Data Analysis · Information Technology (IT)
Senior Business Analyst,intrazero -,"Nasr City, Cairo, Egypt ",Full Time,Experienced · 2 - 5 Yrs of Exp · IT/Software Development · Analyst/Research · Business Analysis · Business Development · Communication skills · Data Analysis · Information Technology (IT) · Analysis · analytical
Senior Data Analyst,Sceel.io -,"Maadi, Cairo, Egypt ",Full Time,Experienced · 3 - 7 Yrs of Exp · IT/Software Development · Analyst/Research · Engineering - Telecom/Technology · Analyst · Analysis · BI · MySQL · SQL · Data Analysis · Data Analyst
Data Analyst,ITCan -,"Rehab City, Cairo, Egypt ",Full Time,Experienced · 2 - 5 Yrs of Exp · Analyst/Research · BI · Analysis · analytical · Computer Science · Data Analysis · Development · Engineering · Information Technology (IT) · Power BI
Export Data Analyst,Evyap Egypt -,"Sheraton, Cairo, Egypt ",Full Time,Experienced · 3 - 5 Yrs of Exp · Sales/Retail · excel · Analyst · Business Data · Data Analyst · Analysis
Data Analyst,The Address Investments for Real Estate Consultancy -,"New Cairo, Cairo, Egypt ",Full Time,Experienced · 2 - 5 Yrs of Exp · IT/Software Development · Analyst/Research · Engineering - Telecom/Technology · Analysis · Analyst · analytical · business · Computer Science · Data · Data Analysis
Data Analyst,The Egyptian Microfinance Company- Maksab -,"New Cairo, Cairo, Egypt ",Full Time,Experienced · 1 - 3 Yrs of Exp · Accounting/Finance · IT/Software Development · Analyst/Research · Computer Science · Data Analysis
Data Quality Analyst,The Address Investments for Real Estate Consultancy -,"New Cairo, Cairo, Egypt ",Full Time,Experienced · 1 - 3 Yrs of Exp · IT/Software Development · Quality · Engineering - Telecom/Technology · Analysis · Analyst · Computer Science · Data · analytical · Communication skills · Data Analysis
"Business Analyst ""Data & AI""",Global Brands -,"New Cairo, Cairo, Egypt ",Full Time,Experienced · 2 - 3 Yrs of Exp · Business Development · Engineering - Telecom/Technology · analytical · BI · Business Analysis · Computer Science · Data Analysis · Power BI · Analysis · business
Business Analyst Supervisor,Cairo Three A Poultry -,"New Cairo, Cairo, Egypt ",Full Time,Experienced · 5 - 7 Yrs of Exp · Analyst/Research · Business Analysis · Data Analysis · ERP
Sr. Business/Sales Analyst,Confidential -,"Heliopolis, Cairo, Egypt ",Full Time,Experienced · 5 - 8 Yrs of Exp · Sales/Retail · Analysis · Business Analysis · Communication · ERP · excel · Sales · SQL · Data Analysis · SRS
Warehouse Data Analyst,Logistica -,"6th of October, Giza, Egypt ",Full Time,Experienced · 2 - 3 Yrs of Exp · males_only · Logistics/Supply Chain · Analyst/Research · ERP · Data Analysis · Analysis · Supply Chain · Dashboards. · Data Warehousing · Warehouse Management System
Senior Sales Data Analyst,ElEzaby Autoparts  -,"6th of October, Giza, Egypt ",Full Time,Experienced · 6 - 7 Yrs of Exp · females_preferred · Analyst/Research · Sales/Retail · Analysis · Analyst · Data Analysis · Sales Analyst · Sales
Business Analyst,Al Ahly capital holding - Al Ahly Tamkeen -,"Zamalek, Cairo, Egypt ",Full Time,Experienced · 1 - 3 Yrs of Exp · Administration · Analyst/Research · business · Business Analysis · Microfinance · Data · English · excel · Accounting
Senior Data Analyst (BI & DWH),Masary -,"Mokattam, Cairo, Egypt ",Full Time,Experienced · 4 - 7 Yrs of Exp · IT/Software Development · Computer Science · BI · Data Warehouse · Oracle · SQL · ETL · SQL Server
Data Analyst,Ibn Sina Pharma -,"New Cairo, Cairo, Egypt ",Full Time,Entry Level · 1 - 3 Yrs of Exp · IT/Software Development · Analyst/Research · Analysis · analytical · Commerce · BI · Communication skills · Computer Science · Data Analysis · Information Technology (IT)
Senior Business Analyst,intrazero -,"Nasr City, Cairo, Egypt ",Full Time,Experienced · 2 - 5 Yrs of Exp · IT/Software Development · Analyst/Research · Business Analysis · Business Development · Communication skills · Data Analysis · Information Technology (IT) · Analysis · analytical
Data Analyst (Fleet department),Seoudi Supermarket -,"Giza, Egypt ",Full Time,Entry Level · 2 - 3 Yrs of Exp · Operations/Management · Project/Program Management · Analyst/Research · Analyst · analytical · Data · Data Analyst · Finance · Data Analysis · Analysis
Data Analyst,Ejada  -,"Riyadh, Saudi Arabia ",Full Time,Experienced · 3 - 5 Yrs of Exp · IT/Software Development · Data Analysis · Data Analyst · Data · SQL · Statistics · Information Technology (IT)
Data Analyst - In KSA,Ejada  -,"Cairo, Egypt ",Full Time,Experienced · 3 - 5 Yrs of Exp · IT/Software Development · Data Analysis · Data Analyst · Computer Science · SQL · Statistics
Senior Business Analyst,Egabi FSI -,"Sheraton, Cairo, Egypt ",Full Time,Experienced · 5 - 8 Yrs of Exp · IT/Software Development · Analyst/Research · Engineering - Telecom/Technology · Business Analyst · Computer Science · Business Analysis · Information Technology (IT) · English · Data Analysis · Testing
Senior Decision & Data Analyst,Nugttah -,"Cairo, Egypt ",Full Time,Experienced · 3 - 7 Yrs of Exp · IT/Software Development · Engineering - Telecom/Technology · Computer Science · Information Technology (IT) · Data Analysis · Data visualization · Data · Data Analyst
Warehouse Data Analyst Specialist,Halwani Bros -,"10th of Ramadan City, Cairo, Egypt ",Full Time,Entry Level · 1 - 3 Yrs of Exp · Logistics/Supply Chain · Analyst/Research · Data Warehouse · Warehousing · Data Warehousing · Data Analysis
Reporting Analyst,Stint EG -,"Giza, Egypt ",Full Time,Experienced · 1 - 3 Yrs of Exp · Analyst/Research · Analyst · Analysis · analytical · business · Data · Data Analysis · SQL · Financial Analysis · Reporting
Senior Business Analyst,RMG -,"Heliopolis, Cairo, Egypt ",Full Time,Experienced · 3 - 6 Yrs of Exp · IT/Software Development · Business Analysis · Business Analyst · Computer Science · Information Technology (IT)
Financial Analyst,B.TECH -,"Nasr City, Cairo, Egypt ",Full Time,Experienced · 4 - 5 Yrs of Exp · Accounting/Finance · Accounting · analytical · Finance · Financial Analysis · Statistics · Commerce
Data Scientist/ Analyst- Remote - Urgent,GetTechForce.com -,"Cairo, Egypt ",Full Time,Experienced · 3+ Yrs of Exp · IT/Software Development · Engineering - Telecom/Technology · Python · React · FullStack · backend · Computer Science · Agile · Development · Django
Business Analyst,Misr Insurance Co -,"Giza, Egypt ",Work From Home,Experienced · 5 - 7 Yrs of Exp · Project/Program Management · Analyst/Research · Analysis · Business Analysis · business · Communication · Communication skills
Group Financial Analyst,Cairo Three A  for International Industries. -,"Cairo, Egypt ",Full Time,Experienced · 5 - 8 Yrs of Exp · Accounting/Finance · Analyst/Research · Financial Analysis · Financial Management · Finance · Analysis · Reporting
Business Analyst,Inova LLC -,"San Stefano, Alexandria, Egypt ",Full Time,Entry Level · 1 - 3 Yrs of Exp · Business Development · IT/Software Development · Analyst/Research · analytical · Analysis · Computer Science · Business Analysis · Engineering · Information Technology (IT) · Sales
Junior System Analyst,National Technology -,"Nasr City, Cairo, Egypt ",Full Time,Entry Level · 1 - 2 Yrs of Exp · IT/Software Development · Analyst/Research · Engineering - Telecom/Technology · Business Analysis · Computer Science · Development · Engineering · Information Technology (IT) · Microsoft Office · quality
Operation Analyst Specialist,Etisal EG -,"New Cairo, Cairo, Egypt ",Full Time,Experienced · 2 - 3 Yrs of Exp · Business Development · Data Analysis · analytical · Operations
Big Data Analyst,BBI-Consultancy -,"Cairo, Egypt ",Full Time,Experienced · 4 - 5 Yrs of Exp · Customer Service/Support · Analyst/Research · Big Data · Analysis · Data · Data Analysis · Linux · Python · SQL · Support
Business Analyst,Youxel -,"Cairo, Egypt ",Full Time,Experienced · 4+ Yrs of Exp · IT/Software Development · Analyst/Research · Engineering - Telecom/Technology · Business Analysis · Information Technology (IT) · Engineering · Software Development · Software · Software Engineering · Computer Science
Fund & Fixed Income Analyst,Mubasher -,"Nasr City, Cairo, Egypt ",Full Time,Entry Level · 0 - 2 Yrs of Exp · Accounting/Finance · Analyst/Research · Economics · Financial Markets · Financial · Funds · English · Political Science · Accounting · Commerce
Senior Reporting Analyst,SSHIC International Engineering Consultants -,"Cairo, Egypt ",Full Time,Experienced · 7 - 17 Yrs of Exp · Accounting/Finance · Engineering - Construction/Civil/Architecture · Analysis · Budgeting · Engineering · IFRS · ERP · Deltek · Forecasting · Reporting
Business Analyst,London International Patient Services -,"Sheraton, Cairo, Egypt ",Full Time,Experienced · 1 - 3 Yrs of Exp · Analyst/Research · BI · CRM · Computer Science · Business Analysis
Senior Risk Analyst,Target Recruitment  & HR Solutions  -,"Cairo, Egypt ",Work From Home,Experienced · 3 - 5 Yrs of Exp · Accounting/Finance · IT/Software Development · Analyst/Research · Analysis · Analyst · Business Analysis · Computer Science · Information Technology (IT) · Data · English
Senior Financial Analyst - (FP&A) Corporate,Confidential -,"Heliopolis, Cairo, Egypt ",Full Time,Experienced · 3+ Yrs of Exp · Accounting/Finance · Manufacturing/Production · Analyst/Research · Finance · Financial Management · Financial Analysis · Financial Reporting · Budgeting · SAP · Accounting
Master Data Analytics and Insights Senior Officer,Ghabbour Auto -,"6th of October, Giza, Egypt ",Full Time,Experienced · 2 - 4 Yrs of Exp · Analyst/Research · Business Analysis · Computer Science · Business Analyst · Analysis
Sales Operations Analyst,"Izam, inc. -","Smart Village, Giza, Egypt ",Full Time,Experienced · 2+ Yrs of Exp · Operations/Management · Quality · Analyst/Research · Sales · Quality Assurance · Sales quality · CRM · MS Office · English · Business Administration
Workforce Analyst,AL-Matar -,"Maadi, Cairo, Egypt ",Full Time,Experienced · 3 - 6 Yrs of Exp · Customer Service/Support · Analyst/Research · Analysis · Customer Care · Customer Service · Planning · Call Center
Accounting Analyst,HirCo -,"Abha, Saudi Arabia ",Full Time,Senior Management · 6 - 10 Yrs of Exp · Administration · Banking · Writing/Editorial · Accounting · Compliance · Financial Reports
Market Research Analyst,Evergrow for Speciality Fertilizers -,"Smart Village, Giza, Egypt ",Full Time,Experienced · 3 - 5 Yrs of Exp · Business Development · Marketing/PR/Advertising · Analyst/Research · Analyst · E-Marketing · market · Market Research · Marketing · Research · Research analyst
Financial Analyst,London International Patient Services -,"Sheraton, Cairo, Egypt ",Full Time,Experienced · 3 - 5 Yrs of Exp · Accounting/Finance · Banking · Analyst/Research · Accounting · CFA · Financial Analysis · Financial Forecasting · Corporate Finance
US Healthcare Revenue Cycle Contract Management Implementation and Support Specialist,InitRes -,"Nasr City, Cairo, Egypt ",Full Time,Experienced · 1 - 5 Yrs of Exp · Administration · IT/Software Development · Medical/Healthcare · healthcare · data analyst
Medical Data Analyst-Private Hospital Background,Confidential -,"New Cairo, Cairo, Egypt ",Full Time,Experienced · 3 - 5 Yrs of Exp · Medical/Healthcare · Total Quality Management · Private Hospitals · GAHAR · jci · Accreditations
Financial Analyst,Cilantro -,"Maadi, Cairo, Egypt ",Full Time,Experienced · 2 - 4 Yrs of Exp · males_only · Accounting/Finance · Analyst/Research · Accounting · Analysis · Commerce · Data Analysis · Finance · Financial Analysis · Project Management · Auditing
Financial Planning and Analysis Senior Analyst,Confidential -,"Heliopolis, Cairo, Egypt ",Full Time,Experienced · 5 - 7 Yrs of Exp · Accounting/Finance · Analyst/Research · Accounting · Analysis · Finance · Financial Planning
"Senior Business Analyst (Excellent English , ERP and Financial planning Experience)",FlairsTech -,"Maadi, Cairo, Egypt ",Full Time,Experienced · 4+ Yrs of Exp · IT/Software Development · Analyst/Research · Engineering - Telecom/Technology · Agile · Analysis · business · Business Analysis · Business Development · Communication · Communication skills
Senior Business Analyst,Rasan -,"New Cairo, Cairo, Egypt ",Full Time,Experienced · 6 - 9 Yrs of Exp · IT/Software Development · Business Analysis · Fin-Tech · Financial
HR Analyst,Alstom -,"Cairo, Egypt ",Full Time,Experienced · 3 - 5 Yrs of Exp · Human Resources · Analyst/Research · Analysis · Human Resources (HR)
Senior Software Business Analyst / ERP,Our Education -,"Nasr City, Cairo, Egypt ",Full Time,Experienced · 5 - 10 Yrs of Exp · IT/Software Development · Analyst/Research · Engineering - Telecom/Technology · Analysis · Management · Project Management · Software Development · Agile · business · Computer Science
SAP Data Entry,Infinity Clinic Pharma -,"Gamasa, Dakahlia, Egypt ",Full Time,Entry Level · 1 - 3 Yrs of Exp · Administration · Customer Service/Support · Analyst/Research · accuracy · Administration · Communication skills · Data Entry · Data · SAP · Microsoft Office
Financial Analyst,Semak -,"Dokki, Giza, Egypt ",Full Time,Experienced · 4 - 6 Yrs of Exp · Accounting/Finance · Accounting · Financial · Financial Modeling · Financial Analysis · business
Financial Analyst,The Address Investments for Real Estate Consultancy -,"New Cairo, Cairo, Egypt ",Full Time,Experienced · 3 - 4 Yrs of Exp · Accounting/Finance · Corporate Finance · Economics · Finance · Financial Analysis · Forecasting · Accounting · Financial · Financial Forecasting
Senior Operation Control,Amreyah Cement - InterCement -,"Alexandria, Egypt ",Full Time,Experienced · 3 - 5 Yrs of Exp · Logistics/Supply Chain · Operations/Management · Analyst/Research · Data Analyst · Data Analysis · Statistics · Supply Chain · Communication · Operations Management
Market Research Analyst,Bridge for food industry -,"Banha, Qalubia, Egypt ",Full Time,Experienced · 1 - 2 Yrs of Exp · Marketing/PR/Advertising · Market Research · E-Marketing
Senior Business Analyst,Bydotpy -,"New Cairo, Cairo, Egypt ",Full Time,Manager · 3 - 5 Yrs of Exp · Project/Program Management · Analyst/Research · Strategy/Consulting · business · Analysis · Business Analysis
Credit Analyst,Sky Holding -,"Katameya, Cairo, Egypt ",Full Time,Experienced · 2 - 4 Yrs of Exp · Accounting/Finance · Banking · Analyst/Research · Finance · Analysis · Accounting · Business Administration · Credit Analysis · Financial Analysis · credit
Associate Business Analyst,CRIF EGYPT -,"Cairo, Egypt ",Full Time,Experienced · 3 - 5 Yrs of Exp · Analyst/Research · Analysis · Business Analysis
"Monitoring, Evaluation and Data Management Officer",Terre des hommes -,"Dokki, Giza, Egypt ",Full Time,Entry Level · 1 - 3 Yrs of Exp · Other · Analyst/Research · Data Analysis · Data Management · Microsoft Office
SOC Analyst,Al Ahly capital holding - Al Ahly Tamkeen -,"Maadi, Cairo, Egypt ",Full Time,Entry Level · 1 - 3 Yrs of Exp · IT/Software Development · CEH · CIH · Computer Science · Information Technology (IT) · SIEM · Technical Analysis
Marketing Controlling Analyst,Target Recruitment  & HR Solutions  -,"Cairo, Egypt ",Full Time,Experienced · 2 - 5 Yrs of Exp · Marketing/PR/Advertising · Analyst/Research · Analytics · CMA · Communication skills · English · excel · FMCG · Market Research · Marketing
QC Finished Product Analyst,APEX Pharma -,"Badr City, Cairo, Egypt ",Full Time,Entry Level · 1 - 2 Yrs of Exp · Quality · Analyst/Research · Pharmaceutical · Pharmaceutical · Quality Control · QC
Business System Analyst,Nadeer -,"Cairo, Egypt ",Full Time,Experienced · 1 - 4 Yrs of Exp · IT/Software Development · Analyst/Research · Business Analysis · System Analysis · Bussiness System Analysis
Budgeting & Planning Manager,Nacita -,"Cairo, Egypt ",Full Time,Manager · 8 - 15 Yrs of Exp · Accounting/Finance · Budgeting · Planning · Financial Analyst · Finance
Accounting Analyst,Nile Eyewear -,"6th of October, Giza, Egypt ",Full Time,Experienced · 2 - 10 Yrs of Exp · Accounting/Finance · Analyst/Research · Stocks · Inventory Control · Inventory Management · Inventory analysis · Financial Analysis · Finance · Commerce · Accounting
Data Analysis (Sales Coordinator),Abudawood Group Egypt -,"Maadi, Cairo, Egypt ",Full Time,Entry Level · 0 - 2 Yrs of Exp · Business Development · Analyst/Research · Sales/Retail · Analysis · analytical · Analyze · Information Technology (IT) · Data Analysis · Computer Science
Head of Data Analytics,The Address Investments for Real Estate Consultancy -,"New Cairo, Cairo, Egypt ",Full Time,Senior Management · 9+ Yrs of Exp · IT/Software Development · Analyst/Research · Data · Data Analysis · Data Analytics · Information Technology (IT)
Financial Analyst,Leverage -,"Maadi, Cairo, Egypt ",Full Time,Entry Level · 0 - 3 Yrs of Exp · Accounting/Finance · Banking · Analyst/Research · analytical · Corporate Finance · Forecasting · Financial Analysis · Reporting
Financial Analyst,Shehab Mazhar -,"Mohandessin, Giza, Egypt ",Full Time,Manager · 10 - 15 Yrs of Exp · Accounting/Finance · Banking · Analyst/Research · Accounting · Analysis · Commerce · Corporate Finance · Economics · Finance · Financial Forecasting
Network & Security Senior Analyst,Confidential -,"Cairo, Egypt ",Full Time,Experienced · 3 - 5 Yrs of Exp · Engineering - Telecom/Technology · Engineering · Networking
Junior Planning and Budgeting Specialist,Tamweely -,"Shubra, Cairo, Egypt ",Full Time,Entry Level · 1 - 3 Yrs of Exp · Accounting/Finance · Analyst/Research · Accounting · Budgeting · Data Analysis · Finance · Planning · Microsoft Office · MS Office
Chief Financial Officer - Real estate,Confidential -,"Nasr City, Cairo, Egypt ",Full Time,Senior Management · 15 - 20 Yrs of Exp · Accounting/Finance · Accounting · CFO · CMA · Data Analysis · Finance · Financial Analysis · Financial · Financial Management · Management
Research Assistant,Söderhub -,"San Stefano, Alexandria, Egypt ",Full Time,Entry Level · 2 - 4 Yrs of Exp · Administration · Analyst/Research · Administration · Analysis · business · Data Analysis · English · market · Market Research · Marketing
Data Scientist,Confidential -,"Giza, Egypt ",Work From Home,Experienced · 2 - 4 Yrs of Exp · IT/Software Development · Analyst/Research · Engineering - Telecom/Technology · Computer Science · Data Science · data scientist · Engineering · Data · Information Technology (IT) · Python
Senior Data Scientist,Confidential -,"New Nozha, Cairo, Egypt ",Full Time,Experienced · 4 - 6 Yrs of Exp · R&D/Science · Business Development · Analyst/Research · Analysis · Data Science · Information Technology (IT) · Engineering · Computer Science · Software Engineering · Software Development
CFO,Confidential -,"Abu Rawash, Giza, Egypt ",Full Time,Manager · 10 - 15 Yrs of Exp · Accounting/Finance · Operations/Management · C-Level Executive/GM/Director · Accounting · Corporate · Data Analysis · Finance · Financial · Financial Analysis · Financial Management
Material Planner,Happy Vision -,"Mohandessin, Giza, Egypt ",Full Time,Experienced · 4 - 10 Yrs of Exp · Logistics/Supply Chain · Analyst/Research · Purchasing/Procurement · Analytical Skills · Communication skills · Microsoft Office · Material Planning · Supply Chain · Supply · Data Analysis
Data Researcher Specialists,Dealtio -,"Nasr City, Cairo, Egypt ",Full Time,Entry Level · 1 - 2 Yrs of Exp · Analyst/Research · E-Marketing · Market Research · English · Social Media · Training
Senior Officer - Product Support,Almosafer -,"Mohandessin, Giza, Egypt ",Full Time,Experienced · 2+ Yrs of Exp · Business Development · Analyst/Research · Tourism/Travel · Data Management · excel · Power BI · Microsoft Office · Analysis · Strategic Thinking · Critical Thinking
Workforce Supervisor,Safa International Travel -,"Dokki, Giza, Egypt ",Full Time,Experienced · 3 - 5 Yrs of Exp · males_only · Customer Service/Support · Operations/Management · Analyst/Research · Customer Support · Analysis · Data Analysis · workforce · Work Planning · Forecasting · Manpower Planning
Head of Equity Research,Tycoon Securities -,"Heliopolis, Cairo, Egypt ",Full Time,Manager · 4+ Yrs of Exp · Accounting/Finance · Analyst/Research · equity · Economics · Equity Research · Finance · Market Research · MBA · CFA · Research
Statistician,Nile University -,"Sheikh Zayed, Giza, Egypt ",Full Time,Experienced · 2 - 5 Yrs of Exp · Analyst/Research · Statistics · Research · Analysis
Pre Sales Engineer,United Delta Systems -,"Cairo, Egypt ",Full Time,Experienced · 2 - 4 Yrs of Exp · IT/Software Development · Communication · Engineering · English · Software · Software Development · Software Engineering
PM Web Consultant,HSE Contractors for CPM Scheduling Consultants -,"Dokki, Giza, Egypt ",Part Time,Experienced · 2 - 5 Yrs of Exp · Engineering - Construction/Civil/Architecture · IT/Software Development · Engineering - Other · Communication skills · Computer Science · CSS3 · Development · Git · Implementation · Engineering
Workforce Management Specialist,Centro CDX -,"Maadi, Cairo, Egypt ",Full Time,Experienced · 1 - 3 Yrs of Exp · Customer Service/Support · Operations/Management · Analyst/Research · RTM · BI · Forcasting · Management · Problem Solving · Skills · Microsoft Office
Tax Accountant,EGYGAB Developments -,"Heliopolis, Cairo, Egypt ",Full Time,Experienced · 2 - 5 Yrs of Exp · Accounting/Finance · Banking · Accounting · Accounting Software · Bookkeeping · Finance · excel · Tax · tax accountant
Cost Accountant,Falcon For Industry And Import -,"Sharqia, Egypt ",Full Time,Experienced · 2 - 4 Yrs of Exp · Accounting/Finance · accountant · excel · Finance · Financial Analysis
Market Researcher - English language Speaker,Infotech -,"Nasr City, Cairo, Egypt ",Full Time,Experienced · 2 - 5 Yrs of Exp · Customer Service/Support · Analyst/Research · Communication · Communication skills · Research · English · Computer Skills · Customer Service · Customer Care · Customer Support
Medical Specialist (Research) - Alexandria,Caduceus Lane -,"Alexandria, Egypt ",Full Time,Experienced · 3+ Yrs of Exp · Medical/Healthcare · Analyst/Research · Pharmaceutical · Research · Education · Writing · Pharmacy · Analysis · Biomedical Sciences · Clinical Research
Agriculture R&D Specialist,Confidential -,"Obour City, Cairo, Egypt ",Full Time,Experienced · 0 - 4 Yrs of Exp · R&D/Science · Analyst/Research · Analysis · Computer Skills · Design · English · Pharmacy · R&amp;D · Research · Science
Full Stack Developer ( +5 Years ),Contellect -,"Nasr City, Cairo, Egypt ",Full Time,Experienced · 3 - 5 Yrs of Exp · IT/Software Development · Engineering - Telecom/Technology · Agile · Computer Science · Design · Development · DevOps · Engineering · Information Technology (IT) · Java
Mean Stack Developer ( +5 Years ),Confidential -,"Nasr City, Cairo, Egypt ",Full Time,Experienced · 3 - 5 Yrs of Exp · IT/Software Development · Engineering - Telecom/Technology · Agile · Computer Science · Design · Development · DevOps · Engineering · Information Technology (IT) · Java
Chief Technology Officer - CTO - ( American Company Remotely ),AZLink Logistics Solutions Corp -,"Dallas, United States ",Full Time,Senior Management · 10+ Yrs of Exp · IT/Software Development · Engineering - Telecom/Technology · Computer Science · CSS · Full Stack · Information Technology (IT) · Java · JavaScript · jQuery · Software Development
Full Stack Developer ( PHP - Python ),Amriya Pharmaceutical Industries -,"Ameria, Alexandria, Egypt ",Full Time,Senior Management · 2 - 3 Yrs of Exp · IT/Software Development · Computer Engineering · Information Technology (IT) · Python · PHP
Cost Accountant,Sinai University -,"Katameya, Cairo, Egypt ",Full Time,Experienced · 3 - 5 Yrs of Exp · Accounting/Finance · Accounting · Cost Accountant · Budget Control · Budgeting · analytical · Accounting Software · Cost · Microsoft Excel
Performance Marketing Specialist,Happy Vision -,"Mohandessin, Giza, Egypt ",Full Time,Experienced · 3 - 8 Yrs of Exp · Marketing/PR/Advertising · Sales/Retail · Media/Journalism/Publishing · business · Communication skills · Marketing · Microsoft Office · Social Media · Ecommerce · Advertising Media
Software Developer (.Net),BI-Technologies -,"New Cairo, Cairo, Egypt ",Full Time,Entry Level · 1 - 4 Yrs of Exp · IT/Software Development · Engineering - Telecom/Technology · Software Development · Web Development · Dynamics · Microsoft Dynamics · AX · X++ · ASP.NET · .NET
Senior Full Stack .Net/Angular Developer,Three Pillars Digitalization Company -,"New Cairo, Cairo, Egypt ",Full Time,Experienced · 3 - 5 Yrs of Exp · IT/Software Development · Angular · .Net · .Net Development · Agile · API · OOP · Computer Science · SQL
Chief Financial Officer,Confidential -,"Heliopolis, Cairo, Egypt ",Full Time,Senior Management · 15 - 20 Yrs of Exp · males_only · Accounting/Finance · Accounting · CFO · Finance · Financial Analysis · Financial Management
"Full Stack Developer (.NET core , Angular 8+)",Confidential -,"Nasr City, Cairo, Egypt ",Full Time,Experienced · 5+ Yrs of Exp · IT/Software Development · Engineering - Telecom/Technology · Information Technology (IT) · Software Development · Software Engineering · OOP · ASP.NET · C#.Net · ADO.NET · SQL
Senior Internal Auditor,Egypt Gold  -,"Heliopolis, Cairo, Egypt ",Full Time,Experienced · 3 - 5 Yrs of Exp · Accounting/Finance · Quality · Analyst/Research · Auditing · Internal Auditing · Finance · Accounting · Financial Analysis · Microsoft Office · English
Backend Developer -Alexandria,Caduceus Lane -,"Alexandria, Egypt ",Full Time,Experienced · 3 - 6 Yrs of Exp · IT/Software Development · Engineering - Telecom/Technology · Information Technology (IT) · Software Development · Software Engineering · Computer Science · PHP · javaScript · MySQL · Laravel
Foreign Purchasing Senior Specialist,Delta Pharma Egypt -,"Heliopolis, Cairo, Egypt ",Full Time,Entry Level · 3 - 5 Yrs of Exp · Medical/Healthcare · Pharmaceutical · Purchasing/Procurement · Purchasing · Logistics · Supply Chain · Pharmacy · Pharmaceutical · Medical · Medicine
Technical Support Engineer,Confidential -,"Cairo, Egypt ",Full Time,Experienced · 3 - 5 Yrs of Exp · IT/Software Development · Engineering - Telecom/Technology · Computer Science · Technical Support · Design · WAN · DNS · Configuration · Information Technology (IT) · LAN
Market Research Specialist,Paste and Juice -,"Alsadat City, Monufya, Egypt ",Full Time,Entry Level · 2 - 3 Yrs of Exp · Analyst/Research · Market Research · research skills
Market Researcher,Charisma Design -,"Cairo, Egypt ",Full Time,Experienced · 2 - 4 Yrs of Exp · Marketing/PR/Advertising · Analytics · business · Data Collection · E-Marketing · Market Research · Research · Web Analytics · Analysis · Social Media
Fellowship Experience Associate,The Room -,"Cairo, Egypt ",Full Time,Experienced · 2+ Yrs of Exp · Other · Project/Program Management · Analyst/Research · Customer Experience · Community Engagement · Customer Support · Customer Care · Project Management
Cost Accountant(Manufacturing),Confidential -,"10th of Ramadan City, Sharqia, Egypt ",Full Time,Experienced · 3 - 5 Yrs of Exp · males_only · Accounting/Finance · Operations/Management · Manufacturing/Production · Cost Accounting · Accounting · Finance · Financial Analysis · GAAP · Accounting Software
Internal Audit Officer,Aman Holding -,"New Cairo, Cairo, Egypt ",Full Time,Experienced · 3 - 5 Yrs of Exp · Accounting/Finance · Banking · Analyst/Research · Certified Internal Auditor (CIA) · Auditing · Certified Internal Auditor · CRM · Audit · auditor · CIA
Social Media Specialist,Passionelle -,"New Cairo, Cairo, Egypt ",Full Time,Entry Level · 0 - 2 Yrs of Exp · Marketing/PR/Advertising · Analyst/Research · Media/Journalism/Publishing · E-Marketing · media · Social Media · Marketing · digital media · Online Marketing · Writing
SOC Team Leader,Masria Digital Payment (MDP) -,"New Cairo, Cairo, Egypt ",Full Time,Experienced · 4 - 6 Yrs of Exp · Banking · IT/Software Development · Engineering - Telecom/Technology · Communication · SIEM · Security · Linux · Management · Information Technology (IT) · Documentation
Budgeting & Costing Manager,Confidential -,"Heliopolis, Cairo, Egypt ",Full Time,Manager · 7 - 15 Yrs of Exp · Accounting/Finance · Operations/Management · Analyst/Research · Accounting · CPA · Finance · ERP System · Financial Analysis · MBA · Financial Reporting
ERP Technical Support (Motakamel),Al-Rowad for Plastic Pipes -,"10th of Ramadan City, Sharqia, Egypt ",Full Time,Experienced · 2 - 5 Yrs of Exp · IT/Software Development · Information technology · Computer Science · Engineering · Technical Support
ERP Finance Functional Consultant,Seoudi Supermarket -,"6th of October, Giza, Egypt ",Full Time,Manager · 5 - 7 Yrs of Exp · Accounting/Finance · IT/Software Development · Analyst/Research · ERP · Finance · Financial Analysis · ERP Implementation · ERP Consultanting · Configuration · Software Installation
"process excellence executive, washing plant",Alex Apparels for Garment Manufacturing -,"Ameria, Alexandria, Egypt ",Full Time,Experienced · 3 - 6 Yrs of Exp · Operations/Management · Manufacturing/Production · Analyst/Research · washing · laundry · 5S Lean Manufacturing Methodology · SQDCM · pareto charts · fishbone diagram · Microsoft Office
Full Stack Developer,The Egyptian Microfinance Company- Maksab -,"Cairo, Egypt ",Full Time,Experienced · 2 - 5 Yrs of Exp · Creative/Design/Art · IT/Software Development · Angular · HTML · Java · JavaScript · jQuery · Software Development · Information Technology (IT) · CSS
Senior Full Stack Developer (.NET & Angular),FlairsTech -,"Cairo, Egypt ",Full Time,Experienced · 4 - 7 Yrs of Exp · Creative/Design/Art · IT/Software Development · Engineering - Telecom/Technology · .Net · Angular · ASP.Net · Computer Science · CSS · Git · HTML
Finished Product & Validation lab Manager,APEX Pharma -,"Badr City, Cairo, Egypt ",Full Time,Manager · 12 - 15 Yrs of Exp · Quality · Pharmaceutical · Pharmaceutical · QC · cleaning validation
Senior Full Stack Developer,3S Software -,"Nasr City, Cairo, Egypt ",Full Time,Experienced · 3 - 5 Yrs of Exp · Installation/Maintenance/Repair · IT/Software Development · Engineering - Telecom/Technology · MySQL · Angular · Computer Science · CSS · .Net · HTML · HTML5
Senior AI & Machine learning Engineer,intella -,"Dokki, Giza, Egypt ",Full Time,Experienced · 5 - 6 Yrs of Exp · IT/Software Development · Analyst/Research · NLP · SQL · Machine Learning · Python · Algorithms
Financial Reports Accountant,Confidential -,"Obour City, Cairo, Egypt ",Full Time,Experienced · 5 - 7 Yrs of Exp · Accounting/Finance · Analyst/Research · Accounting · Finance · Financial Analysis · Financial Reporting · Reporting
MERN Stack Developer,Sequel Solutions -,"Cairo, Egypt ",Full Time,Experienced · 2 - 7 Yrs of Exp · IT/Software Development · Engineering - Telecom/Technology · Computer Science · Information Technology (IT) · Software Development · MERN · Software · React · Reactjs
Senior social media specialist,Media Sci -,"New Cairo, Cairo, Egypt ",Work From Home,Experienced · 5 - 10 Yrs of Exp · IT/Software Development · Analyst/Research · Engineering - Telecom/Technology · Analysis · Research · Computer Science · Economics · Database
Senior Full Stack Developer,Aria Systems -,"Maadi, Cairo, Egypt ",Full Time,Manager · 12 - 20 Yrs of Exp · IT/Software Development · Engineering - Telecom/Technology · Computer Science · Full Stack · CSS · Angular · HTML · Information Technology (IT) · Java · jQuery
E Commerce & Social Media Specialist,Vinchi Furniture -,"10th of Ramadan City, Cairo, Egypt ",Part Time,Experienced · 2 - 5 Yrs of Exp · Customer Service/Support · Marketing/PR/Advertising · Analyst/Research · Online Marketing · digital media · Social Media · Ecommerce · media · social · Marketing
Business Researcher,MENA INTEL -,"Nasr City, Cairo, Egypt ",Full Time,Experienced · 2 - 4 Yrs of Exp · Customer Service/Support · Project/Program Management · Analyst/Research · Market Research · sales skills · Call Center · Telemarketing · English · Marketing · Customer Support
Senior Accountant (English Fluency Is a MUST),3Sixty -,"Dokki, Giza, Egypt ",Full Time,Manager · 3 - 5 Yrs of Exp · Accounting/Finance · Accounting · Finance · Financial Analysis · CMA · English · Accounting Software · CPA · General Ledger · ACCA
Cost Accountant,Confidential -,"Badr City, Cairo, Egypt ",Full Time,Experienced · 2 - 4 Yrs of Exp · Accounting/Finance · accountant · Accounting · analytical · Cost Accountant · Cost Accounting · excel · Finance · Financial Analysis · MS
International Business Researcher,Confidential -,"Mohandessin, Giza, Egypt ",Work From Home,Experienced · 3 - 5 Yrs of Exp · Accounting/Finance · Communication skills · Presentation · Market Research · negotiation skills · Online Research
Cost Control Engineer,Al Qamzi Group Egypt -,"Sheraton, Cairo, Egypt ",Full Time,Experienced · 3 - 5 Yrs of Exp · Engineering - Construction/Civil/Architecture · Quality · Civil · Civil Engineering · Engineering · Quality Assurance · Quality Control
Promotion Category Manager,Confidential -,"Giza, Egypt ",Full Time,Manager · 10 - 12 Yrs of Exp · Operations/Management · Sales/Retail · Sales · Sales Target · Sales Field · Sales Management · Sales Skills
Internal Auditor,TEPCO S.A.E. -,"6th of October, Giza, Egypt ",Full Time,Experienced · 4 - 7 Yrs of Exp · Accounting/Finance · Analyst/Research · Finance · Financial Analysis · Internal auditor · analytical · Auditing · Auditing standards · auditor · Certified Internal Auditor
Full Stack PHP Developer,Details Digital -,"Downtown, Cairo, Egypt ",Full Time,Experienced · 3 - 15 Yrs of Exp · IT/Software Development · PHP · PHP Laravel · Laravel · React.js · React Native · React js · Full Stack Development
BI Developer,IDH -,"6th of October, Giza, Egypt ",Full Time,Experienced · 2 - 4 Yrs of Exp · IT/Software Development · Analyst/Research · BI · Analysis · Computer Science · Database · Oracle · Power BI · SQL · SSRS
Finance - Tax Manager,Almosafer -,"Mohandessin, Giza, Egypt ",Full Time,Manager · 5 - 7 Yrs of Exp · Accounting/Finance · Operations/Management · Analyst/Research · Accounting · analytical · Bookkeeping · excel · Finance · Financial Analysis · Financial Management
Senior Software Engineer - Backend (PHP/Laravel),Details Digital -,"Downtown, Cairo, Egypt ",Full Time,Experienced · 4 - 15 Yrs of Exp · IT/Software Development · PHP · laravel developer · PHP Laravel · PHP (Laravel) · Laravel · Computer Science
Cost Section Head,Prifix -,"Bourj Alarab, Alexandria, Egypt ",Full Time,Manager · 6 - 10 Yrs of Exp · Accounting/Finance · Engineering - Construction/Civil/Architecture · Operations/Management · Accounting · business · Communication · Engineering · Finance · Management · Mechanical Engineering
Cost Accountant,Wham Clinics  -,"Sidi Bishr, Alexandria, Egypt ",Full Time,Experienced · 4 - 6 Yrs of Exp · males_only · Accounting/Finance · accountant · Accounting · Accounting Software · analytical · Cost Accountant · Cost Accounting · Financial Analysis · Accounting Reports · Tax Accounting
SAP SuccessFactors Consultant,Elhazek Construction -,"New Cairo, Cairo, Egypt ",Full Time,Experienced · 1 - 2 Yrs of Exp · Engineering - Construction/Civil/Architecture · Human Resources · IT/Software Development · Computer Science · Information Technology (IT) · Communication skills · SAP · Software · Implementation · Project Management
Oracle SCM Track Lead,Dart Technology  -,"Cairo, Egypt ",Full Time,Manager · 7 - 12 Yrs of Exp · IT/Software Development · Information Technology (IT) · Oracle · ERP · Oracle SCM
Oracle Financial Consultant,Dart Technology  -,"Cairo, Egypt ",Full Time,Experienced · 2 - 6 Yrs of Exp · males_only · IT/Software Development · Oracle · ERP · Oracle Fusion · Oracle Financial
.NET core Developer,Aphrie -,"Maadi, Cairo, Egypt ",Work From Home,Experienced · 3 - 5 Yrs of Exp · IT/Software Development · .Net · ASP · API · Mssql · OOP · Web API · .Net Core · Information Technology (IT) · Design Patterns
Internal Auditor,Sharm Dreams Group  -,"Manial, Cairo, Egypt ",Full Time,Experienced · 3 - 10 Yrs of Exp · Accounting/Finance · Operations/Management · Analyst/Research · analytical · Auditing · Auditing standards · Internal auditor · Financial Analysis · Finance
Full Stack Developer,appcorp -,"Heliopolis, Cairo, Egypt ",Full Time,Entry Level · Creative/Design/Art · IT/Software Development · Engineering - Telecom/Technology · Angular · Full Stack · Information Technology (IT) · Java · React · Software Development · JavaScript
Financial Planning And Analysis Senior Manager,Confidential -,"Maadi, Cairo, Egypt ",Internship,Manager · 10 - 12 Yrs of Exp · Accounting/Finance · Analyst/Research · Accounting · Financial Analysis · Analysis · Finance · Financial Management · SAP · Microsoft Excel
Market Research Executive,Arma Non Food -,"Maadi, Cairo, Egypt ",Full Time,Entry Level · 2 - 5 Yrs of Exp · Marketing/PR/Advertising · Analyst/Research · Analysis · Marketing · Market Research · Business · Trade Marketing · Merchandising · Trade · Market Intelligence
Cost Accountant,Confidential -,"10th of Ramadan City, Sharqia, Egypt ",Full Time,Experienced · 5 - 7 Yrs of Exp · Accounting/Finance · Cost · Cost Accountant · ERP
Accounting Supervisor,Confidential -,"New Nozha, Cairo, Egypt ",Full Time,Experienced · 3 - 5 Yrs of Exp · Accounting/Finance · Banking · Analyst/Research · Accounting · Accounting Software · Communication skills · excel · Computer Skills · Management · CPA
Cost Accountant,Confidential -,"Maadi, Cairo, Egypt ",Full Time,Experienced · 4 - 5 Yrs of Exp · Accounting/Finance · Logistics/Supply Chain · Analyst/Research · accountant · Accounting · Accounting Software · analytical · Cost Accountant · Cost · Cost Accounting
